﻿<?xml version="1.0" encoding="utf-8"?>
<publishData>
  <publishProfile publishUrl="C:\eclipse\workspace\client\Deploy\Debug\client" deleteExistingFiles="True" ftpAnonymousLogin="False" ftpPassiveMode="True" msdeploySite="" msdeploySiteID="" msdeployRemoteSitePhysicalPath="" msdeployAllowUntrustedCertificate="False" msdeploySkipExtraFilesOnServer="True" msdeployMarkAsApp="False" profileName="Debug" publishMethod="FileSystem" replaceMatchingFiles="False" userName="" savePWD="False" userPWD="" SelectedForPublish="True">
    <file relUrl="Web.config" publishTime="11/21/2013 17:21:11" />
    <file relUrl="docs/約款(LIONBO).pdf" publishTime="11/21/2013 11:29:08" />
    <file relUrl="docs/信託保全説明書(LIONBO).pdf" publishTime="11/21/2013 11:29:09" />
    <file relUrl="bin/client.pdb" publishTime="11/21/2013 17:21:11" />
    <file relUrl="docs/勧誘方針.pdf" publishTime="11/21/2013 17:14:54" />
    <file relUrl="docs/店頭バイナリーオプション取引に係るご注意(LIONBO).pdf" publishTime="11/21/2013 17:14:50" />
    <file relUrl="bin/client.dll" publishTime="11/21/2013 17:21:11" />
    <file relUrl="js/jquery-1.7.2.min.js" publishTime="11/13/2013 20:02:00" />
    <file relUrl="docs/店頭バイナリーオプション取引説明書(LIONBO).pdf" publishTime="11/21/2013 11:29:08" />
    <file relUrl="css/default.css" publishTime="11/13/2013 20:01:58" />
    <file relUrl="Global.asax" publishTime="11/13/2013 20:01:59" />
    <file relUrl="error.aspx" publishTime="11/14/2013 13:29:22" />
    <file relUrl="document.aspx" publishTime="11/21/2013 11:29:02" />
    <file relUrl="docs/店頭バイナリーオプション取引に関する事前説明書(LIONBO).pdf" publishTime="11/21/2013 17:14:44" />
    <file relUrl="docs/店頭バイナリーオプションリスク説明書(LIONBO).pdf" publishTime="11/21/2013 11:29:09" />
    <file relUrl="index.aspx" publishTime="11/13/2013 20:01:58" />
    <file relUrl="bin/client.xml" publishTime="11/21/2013 17:21:11" />
  </publishProfile>
  <publishProfile publishUrl="C:\eclipse\workspace\client\Deploy\Release\client" deleteExistingFiles="True" ftpAnonymousLogin="False" ftpPassiveMode="True" msdeploySite="" msdeploySiteID="" msdeployRemoteSitePhysicalPath="" msdeployAllowUntrustedCertificate="False" msdeploySkipExtraFilesOnServer="True" msdeployMarkAsApp="False" profileName="Release" publishMethod="FileSystem" replaceMatchingFiles="False" userName="" savePWD="False" userPWD="" SelectedForPublish="False">
    <file relUrl="Web.config" publishTime="11/21/2013 11:31:56" />
    <file relUrl="docs/約款(LIONBO).pdf" publishTime="11/21/2013 11:29:08" />
    <file relUrl="docs/信託保全説明書(LIONBO).pdf" publishTime="11/21/2013 11:29:09" />
    <file relUrl="bin/client.pdb" publishTime="11/21/2013 11:31:56" />
    <file relUrl="docs/勧誘方針.pdf" publishTime="11/21/2013 17:14:54" />
    <file relUrl="docs/店頭バイナリーオプション取引に係るご注意(LIONBO).pdf" publishTime="11/21/2013 17:14:50" />
    <file relUrl="bin/client.dll" publishTime="11/21/2013 11:31:56" />
    <file relUrl="js/jquery-1.7.2.min.js" publishTime="11/13/2013 20:02:00" />
    <file relUrl="docs/店頭バイナリーオプション取引説明書(LIONBO).pdf" publishTime="11/21/2013 11:29:08" />
    <file relUrl="css/default.css" publishTime="11/13/2013 20:01:58" />
    <file relUrl="Global.asax" publishTime="11/13/2013 20:01:59" />
    <file relUrl="error.aspx" publishTime="11/14/2013 13:29:22" />
    <file relUrl="document.aspx" publishTime="11/21/2013 11:29:02" />
    <file relUrl="docs/店頭バイナリーオプション取引に関する事前説明書(LIONBO).pdf" publishTime="11/21/2013 17:14:44" />
    <file relUrl="docs/店頭バイナリーオプションリスク説明書(LIONBO).pdf" publishTime="11/21/2013 11:29:09" />
    <file relUrl="index.aspx" publishTime="11/13/2013 20:01:58" />
    <file relUrl="bin/client.xml" publishTime="11/21/2013 11:31:56" />
  </publishProfile>
  <publishProfile publishUrl="C:\eclipse\workspace\client\Deploy\Release Fate\client" deleteExistingFiles="True" ftpAnonymousLogin="False" ftpPassiveMode="True" msdeploySite="" msdeploySiteID="" msdeployRemoteSitePhysicalPath="" msdeployAllowUntrustedCertificate="False" msdeploySkipExtraFilesOnServer="True" msdeployMarkAsApp="False" profileName="Release Fate" publishMethod="FileSystem" replaceMatchingFiles="False" userName="" savePWD="False" userPWD="" SelectedForPublish="False">
    <file relUrl="Web.config" publishTime="11/21/2013 11:32:05" />
    <file relUrl="docs/約款(LIONBO).pdf" publishTime="11/21/2013 11:29:08" />
    <file relUrl="docs/信託保全説明書(LIONBO).pdf" publishTime="11/21/2013 11:29:09" />
    <file relUrl="bin/client.pdb" publishTime="11/21/2013 11:32:04" />
    <file relUrl="docs/勧誘方針.pdf" publishTime="11/21/2013 17:14:54" />
    <file relUrl="docs/店頭バイナリーオプション取引に係るご注意(LIONBO).pdf" publishTime="11/21/2013 17:14:50" />
    <file relUrl="bin/client.dll" publishTime="11/21/2013 11:32:04" />
    <file relUrl="js/jquery-1.7.2.min.js" publishTime="11/13/2013 20:02:00" />
    <file relUrl="docs/店頭バイナリーオプション取引説明書(LIONBO).pdf" publishTime="11/21/2013 11:29:08" />
    <file relUrl="css/default.css" publishTime="11/13/2013 20:01:58" />
    <file relUrl="Global.asax" publishTime="11/13/2013 20:01:59" />
    <file relUrl="error.aspx" publishTime="11/14/2013 13:29:22" />
    <file relUrl="document.aspx" publishTime="11/21/2013 11:29:02" />
    <file relUrl="docs/店頭バイナリーオプション取引に関する事前説明書(LIONBO).pdf" publishTime="11/21/2013 17:14:44" />
    <file relUrl="docs/店頭バイナリーオプションリスク説明書(LIONBO).pdf" publishTime="11/21/2013 11:29:09" />
    <file relUrl="index.aspx" publishTime="11/13/2013 20:01:58" />
    <file relUrl="bin/client.xml" publishTime="11/21/2013 11:32:04" />
  </publishProfile>
  <publishProfile publishUrl="C:\eclipse\workspace\client\Deploy\Release ST\client" deleteExistingFiles="True" ftpAnonymousLogin="False" ftpPassiveMode="True" msdeploySite="" msdeploySiteID="" msdeployRemoteSitePhysicalPath="" msdeployAllowUntrustedCertificate="False" msdeploySkipExtraFilesOnServer="True" msdeployMarkAsApp="False" profileName="Release ST" publishMethod="FileSystem" replaceMatchingFiles="False" userName="" savePWD="False" userPWD="" SelectedForPublish="False">
    <file relUrl="Web.config" publishTime="11/21/2013 11:32:11" />
    <file relUrl="docs/約款(LIONBO).pdf" publishTime="11/21/2013 11:29:08" />
    <file relUrl="docs/信託保全説明書(LIONBO).pdf" publishTime="11/21/2013 11:29:09" />
    <file relUrl="bin/client.pdb" publishTime="11/21/2013 11:32:11" />
    <file relUrl="docs/勧誘方針.pdf" publishTime="11/21/2013 17:14:54" />
    <file relUrl="docs/店頭バイナリーオプション取引に係るご注意(LIONBO).pdf" publishTime="11/21/2013 17:14:50" />
    <file relUrl="bin/client.dll" publishTime="11/21/2013 11:32:11" />
    <file relUrl="js/jquery-1.7.2.min.js" publishTime="11/13/2013 20:02:00" />
    <file relUrl="docs/店頭バイナリーオプション取引説明書(LIONBO).pdf" publishTime="11/21/2013 11:29:08" />
    <file relUrl="css/default.css" publishTime="11/13/2013 20:01:58" />
    <file relUrl="Global.asax" publishTime="11/13/2013 20:01:59" />
    <file relUrl="error.aspx" publishTime="11/14/2013 13:29:22" />
    <file relUrl="document.aspx" publishTime="11/21/2013 11:29:02" />
    <file relUrl="docs/店頭バイナリーオプション取引に関する事前説明書(LIONBO).pdf" publishTime="11/21/2013 17:14:44" />
    <file relUrl="docs/店頭バイナリーオプションリスク説明書(LIONBO).pdf" publishTime="11/21/2013 11:29:09" />
    <file relUrl="index.aspx" publishTime="11/13/2013 20:01:58" />
    <file relUrl="bin/client.xml" publishTime="11/21/2013 11:32:11" />
  </publishProfile>
</publishData>